{"heuristic": {"cross_entropy": null, "avg_prob": 0.8120761535329388, "probs": {"label_0.txt": 1.0, "label_1.txt": 1.0, "label_10.txt": 1.0, "label_11.txt": 1.0, "label_12.txt": 0.007142857142857143, "label_13.txt": 0.9836065573770492, "label_14.txt": 1.0, "label_15.txt": 1.0, "label_16.txt": 1.0, "label_17.txt": 0.016666666666666666, "label_18.txt": 1.0, "label_19.txt": 0.7662337662337663, "label_2.txt": 0.9827586206896551, "label_20.txt": 1.0, "label_21.txt": 1.0, "label_22.txt": 1.0, "label_23.txt": 0.504424778761062, "label_24.txt": 1.0, "label_25.txt": 1.0, "label_26.txt": 0.5, "label_27.txt": 1.0, "label_28.txt": 1.0, "label_29.txt": 1.0, "label_3.txt": 0.68, "label_30.txt": 0.6790123456790124, "label_31.txt": 1.0, "label_32.txt": 1.0, "label_33.txt": 1.0, "label_34.txt": 0.9107142857142857, "label_35.txt": 1.0, "label_36.txt": 1.0, "label_37.txt": 1.0, "label_38.txt": 1.0, "label_39.txt": 0.7283950617283951, "label_4.txt": 1.0, "label_40.txt": 0.6031746031746031, "label_41.txt": 1.0, "label_42.txt": 1.0, "label_43.txt": 1.0, "label_44.txt": 1.0, "label_45.txt": 1.0, "label_46.txt": 1.0, "label_47.txt": 1.0, "label_48.txt": 1.0, "label_49.txt": 1.0, "label_5.txt": 1.0, "label_50.txt": 1.0, "label_51.txt": 1.0, "label_52.txt": 0.9230769230769231, "label_53.txt": 0.12857142857142856, "label_54.txt": 0, "label_55.txt": 0.46956521739130436, "label_56.txt": 0, "label_57.txt": 0.65, "label_58.txt": 0.027777777777777776, "label_59.txt": 0, "label_6.txt": 0.8846153846153846, "label_60.txt": 0.09090909090909091, "label_7.txt": 1.0, "label_8.txt": 1.0, "label_9.txt": 1.0}, "mapping": {"label_0.txt": "cluster_38.txt", "label_1.txt": "cluster_28.txt", "label_10.txt": "cluster_35.txt", "label_11.txt": "cluster_22.txt", "label_12.txt": "cluster_58.txt", "label_13.txt": "cluster_57.txt", "label_14.txt": "cluster_36.txt", "label_15.txt": "cluster_33.txt", "label_16.txt": "cluster_48.txt", "label_17.txt": "cluster_7.txt", "label_18.txt": "cluster_21.txt", "label_19.txt": "cluster_42.txt", "label_2.txt": "cluster_6.txt", "label_20.txt": "cluster_0.txt", "label_21.txt": "cluster_18.txt", "label_22.txt": "cluster_55.txt", "label_23.txt": "cluster_10.txt", "label_24.txt": "cluster_43.txt", "label_25.txt": "cluster_44.txt", "label_26.txt": "cluster_60.txt", "label_27.txt": "cluster_40.txt", "label_28.txt": "cluster_32.txt", "label_29.txt": "cluster_19.txt", "label_3.txt": "cluster_41.txt", "label_30.txt": "cluster_52.txt", "label_31.txt": "cluster_45.txt", "label_32.txt": "cluster_23.txt", "label_33.txt": "cluster_27.txt", "label_34.txt": "cluster_31.txt", "label_35.txt": "cluster_13.txt", "label_36.txt": "cluster_54.txt", "label_37.txt": "cluster_53.txt", "label_38.txt": "cluster_8.txt", "label_39.txt": "cluster_11.txt", "label_4.txt": "cluster_17.txt", "label_40.txt": "cluster_15.txt", "label_41.txt": "cluster_5.txt", "label_42.txt": "cluster_16.txt", "label_43.txt": "cluster_47.txt", "label_44.txt": "cluster_29.txt", "label_45.txt": "cluster_30.txt", "label_46.txt": "cluster_24.txt", "label_47.txt": "cluster_12.txt", "label_48.txt": "cluster_25.txt", "label_49.txt": "cluster_9.txt", "label_5.txt": "cluster_26.txt", "label_50.txt": "cluster_56.txt", "label_51.txt": "cluster_39.txt", "label_52.txt": "cluster_20.txt", "label_53.txt": "cluster_50.txt", "label_54.txt": null, "label_55.txt": "cluster_3.txt", "label_56.txt": null, "label_57.txt": "cluster_37.txt", "label_58.txt": "cluster_2.txt", "label_59.txt": null, "label_6.txt": "cluster_1.txt", "label_60.txt": "cluster_4.txt", "label_7.txt": "cluster_51.txt", "label_8.txt": "cluster_46.txt", "label_9.txt": "cluster_14.txt"}}}